{
  "БФУ им. И.Канта, Невского 14, Калининград": [
    54.72472921391151,
    20.527400703433962
  ],
  "Soul Garden, Верхнеозерная 2а, Калининград": [
    54.730054,
    20.519067
  ],
  "СКЛАД, Ялтинская 20п, Калининград": [
    54.705610184328,
    20.544408541426
  ],
  "Barn, Каштановая аллея 1а, Калининград": [
    54.710073212492,
    20.467264438266
  ],
  "Universal, Мира 41-43, Калининград": [
    54.7206945,
    20.4830228
  ],
  "Сёрф-станция Рассвет, пляж Пионерского, Портовая 1ж, Калининград": [
    54.9547136708749,
    20.21803670360236
  ],
  "Янтарь-Холл, Светлогорск, Ленина 11": [
    54.945735,
    20.159425
  ],
  "Мушкино, Сергеева 14, Калининград": [
    54.7198805,
    20.5191348
  ],
  "Сигнал, Леонова 22, Калининград": [
    54.725808288807215,
    20.482095968506528
  ],
  "Форма, Гаражная 2б, Калининград": [
    54.724125,
    20.504923
  ],
  "Театр-школа 217, Чайковского 5, Калининград": [
    54.723755202593,
    20.497077107661
  ],
  "Ельцин, Гаражная 2, Калининград": [
    54.7245038,
    20.5061209
  ],
  "Магазин винила Тишина, 1ый Октябрьский проезд": [
    54.720256938086,
    20.480994943207
  ],
  "Кинотеатра Заря, Мира 41-43": [
    54.720731,
    20.48306
  ],
  "Арт-пространство Депо, Каштановая аллея 1а": [
    54.710073212492,
    20.467264438266
  ],
  "Калининградская филармония, Хмельницкого 61а": [
    54.69840050019712,
    20.509282871123975
  ],
  "Музей изобразительных искусств, Ленинский 83": [
    54.705139,
    20.506779
  ],
  "Пицце-бар Форма, Гаражная 2б": [
    54.724238492906,
    20.504710986322
  ],
  "Арт-пространство Barn Space, Каштановая аллея 1а": [
    54.710073212492,
    20.467264438266
  ],
  "Heart Rock Bar, Советский 21а": [
    54.727238009091,
    20.493202824375
  ],
  "Ресторан FLORA, Мира 41-43": [
    54.720643588677,
    20.483128112034
  ],
  "Бар Советов, Мира 118": [
    54.722776573098,
    20.465626721732
  ],
  "Клуб Суспирия, Коперника 21": [
    54.710566319856,
    20.504079014298
  ],
  "Ресторан ГрандМонополь, Зеленоградск, Володарского 32б": [
    54.965883,
    20.489281
  ],
  "Клуб Бастион, Дзержинского 31в": [
    54.696678270118,
    20.52410078311
  ],
  "Бар Место силы, Галицкого, 18": [
    54.714207,
    20.4967406
  ],
  "Музей Дом китобоя, Мира 9": [
    54.7194415,
    20.4952486
  ],
  "Клуб Universal, Мира 41-43": [
    54.7206945,
    20.4830228
  ],
  "Бар Владивосток, Правая Набережная 21": [
    54.7047,
    20.453465
  ],
  "Клуб iO, Ленинский 18": [
    54.713732416143,
    20.505445767429
  ],
  "Арт-пространство Ворота, Литовский вал 61": [
    54.709613004098,
    20.538108367723
  ],
  "Бар Ельцин, Гаражная 2": [
    54.7245261,
    20.5051884
  ],
  "Развлекательный комплекс Резиденция королей, Невского 10": [
    54.7180917,
    20.4971787
  ],
  "Ресторан Дом техники (ТЦ Эпицентр), Баранова 30": [
    54.7180917,
    20.4971787
  ],
  "Отель Grand Palace, Светлогорск, Береговой переулок 2": [
    54.945761810497,
    20.14875027358
  ],
  "Клуб Калининград Сити Джаз, Мира 33": [
    54.720320382491,
    20.484514897915
  ],
  "Кинотеатр Синема Парк Европа, Театральная 30": [
    54.7181141,
    20.5003079
  ],
  "Бар Dreadnought, Генделя 5": [
    54.7218613,
    20.495918
  ],
  "Филиал Третьяковской галереи в Калининграде, Парадная набережная 3": [
    54.69968,
    20.523481
  ],
  "Клуб Вагонка, Станочная 12": [
    54.7120709,
    20.453505
  ],
  "TOP DANCE CENTER, Мусорского 10к16": [
    54.72828,
    20.502798
  ],
  "Кафе-бар Bus station, ул. Генделя 3А, Калинингад": [
    54.721737385132,
    20.496573271461
  ],
  "Калининградская областная научная библиотека, Мира 9/11": [
    54.7195327,
    20.4955634
  ],
  "Библиотека им. А. П. Чехова, пр-т Московский 39": [
    54.710193786169,
    20.504857525465
  ],
  "Клуб Yalta, ул. Ялтинская 66": [
    54.7044005,
    20.5543155
  ],
  "Форт Штайн": [
    54.706377,
    20.605506
  ],
  "Астрономический бастион": [
    54.713759,
    20.49095
  ],
  "Пространство Сигнал, ул. Леонова 22": [
    54.754661738728,
    20.428240563779
  ],
  "Клуб Склад (Warehouse Club), ул. Ялтинская, 20П": [
    54.705610184328,
    20.544408541426
  ],
  "Арт-Пространство Телеграф. Светлогорск, ул. Островского 3": [
    54.9405373,
    20.1560932
  ],
  "ТЕРКА HALL, пл. Победы 4, п. 1, офис 27": [
    54.720850412138,
    20.499784127111
  ],
  "РК Янтарь Холл, Светлогорск, Ленина 11": [
    54.944293,
    20.1488114
  ],
  "Bat Bar, пр-т Победы 42": [
    54.714505981987,
    20.457422575195
  ],
  "Клуб B•side, Калинина 4": [
    54.695599593546,
    20.506327459824
  ],
  "Бар Bus Station, Генделя 3а": [
    54.721737385132,
    20.496573271461
  ],
  "Пространство HUMAN concept, ул. Генерал-лейтенанта  Захарова 1": [
    54.734743710018,
    20.472201965969
  ],
  "ДС Янтарный, ул. Согласия, 39": [
    54.749475,
    20.485354
  ],
  "Бар Владивосток, Правая наб. 21": [
    54.704448787824,
    20.453326674389
  ],
  "Пространство Сигнал, ул. Космонавта Леонова 22": [
    54.725838817994,
    20.482217166797
  ],
  "Бар Суспирия, ул. Коперника 21": [
    54.710566319856,
    20.504079014298
  ],
  "Арт-пространство Ворота, ул. Литовский вал 61": [
    54.709613004098,
    20.538108367723
  ],
  "Пицца-бар Форма, ул. Гаражная 2Б": [
    54.724238492906,
    20.504710986322
  ],
  "Кинотеатра Заря, пр-т. Мира 41-43": [
    54.720731,
    20.48306
  ],
  "Музей «Кронпринц», ул. Литовский Вал, 38": [
    54.7171932,
    20.5320629
  ],
  "Клуб B•side, пр-т. Калинина 4": [
    54.694728294711,
    20.514834085719
  ],
  "Бар Heart Rock Bar, пр-т. Советский 21а": [
    54.727238009091,
    20.493202824375
  ],
  "КТК  'Дворец Культуры Железнодорожников', ул. Железнодорожная, 2": [
    54.6928508,
    20.5064889
  ],
  "Кафе Плохой охотник, пр-т. Ленинский, 18к1": [
    54.713760914613,
    20.504639512163
  ],
  "Клуб Склад, Ялтинская 20п": [
    54.705610184328,
    20.544408541426
  ],
  "Пицца-бар Форма, Гаражная 2б": [
    54.724238492906,
    20.504710986322
  ],
  "Бар Суспирия, Коперника 21": [
    54.710566319856,
    20.504079014298
  ],
  "Синема Парк Европа, Театральная 30": [
    54.7181141,
    20.5003079
  ],
  "Ночной клуб IO, пр-т Ленинский 18": [
    54.713732416143,
    20.505445767429
  ],
  "Клуб Universal, пр-т Мира 41-43": [
    54.7206945,
    20.4830228
  ],
  "Пространство Сигнал, Леонова 22": [
    54.754661738728,
    20.428240563779
  ],
  "Арт-Пространство Телеграф. Светлогорск, Островского 3": [
    54.9405373,
    20.1560932
  ],
  "Клуб Yalta, Ялтинская 66": [
    54.7044005,
    20.5543155
  ],
  "Пицца-бар Форма, ул. Гаражная 2б": [
    54.724238492906,
    20.504710986322
  ],
  "Бар Ельцин, ул. Гаражная 2": [
    54.7245261,
    20.5051884
  ],
  "Клуб Склад (Warehouse Club), ул. Ялтинская 20П": [
    54.705610184328,
    20.544408541426
  ],
  "КТК  \"\"Дворец Культуры Железнодорожников\"\", ул. Железнодорожная, 2": [
    54.6928508,
    20.5064889
  ],
  "Бар Советов, пр-т. Мира 118": [
    54.722776573098,
    20.465626721732
  ],
  "Музей Дом китобоя, пр-т. Мира 9": [
    54.7194415,
    20.4952486
  ],
  "Творческий кластер Art_Squat_Dom, ул. Ялтинская 66, корп. 11": [
    54.704579419785,
    20.553940022622
  ],
  "Кафе Коммуналка, пр-т. Гвардейский 10": [
    54.717616296707,
    20.496088462181
  ],
  "Бар Место силы, ул. Галицкого 18": [
    54.714207,
    20.4967406
  ],
  "Филиал Третьяковской галереи в Калининграде, Парадная наб. 3": [
    53.1902778,
    50.0928844
  ],
  "Клуб iO, пр-т. Ленинский 18": [
    54.713732416143,
    20.505445767429
  ]
}